<?xml version="1.0" encoding="UTF-8"?>
<project-private xmlns="http://www.netbeans.org/ns/project-private/1">
    <editor-bookmarks xmlns="http://www.netbeans.org/ns/editor-bookmarks/2" lastBookmarkId="0"/>
    <open-files xmlns="http://www.netbeans.org/ns/projectui-open-files/2">
        <group>
            <file>file:/C:/Java/Festividades/src/vista/FrmEventos.java</file>
            <file>file:/C:/Java/Festividades/src/controlador/EventoController.java</file>
            <file>file:/C:/Java/Festividades/src/modelo/Eventos.java</file>
            <file>file:/C:/Java/Festividades/src/controlador/Conexion.java</file>
        </group>
    </open-files>
</project-private>
